"Step","Group: 3s5z_vs_3s6z_QMIX - win_rate","Group: 3s5z_vs_3s6z_QMIX - win_rate__MIN","Group: 3s5z_vs_3s6z_QMIX - win_rate__MAX"
"0","0","0","0"
"10008","0","0","0"
"10014","0","0","0"
"10022","0","0","0"
"10027","0","0","0"
"10044","0","0","0"
"10047","0","0","0"
"20000","0","0","0"
"20001","0","0","0"
"20004","0","0","0"
"20019","0","0","0"
"20023","0","0","0"
"20035","0","0","0"
"30000","0","0","0"
"30003","0","0","0"
"30016","0","0","0"
"30019","0","0","0"
"30026","0","0","0"
"30027","0","0","0"
"40014","0","0","0"
"40026","0","0","0"
"40027","0","0","0"
"40036","0","0","0"
"40037","0","0","0"
"40040","0","0","0"
"50003","0","0","0"
"50011","0","0","0"
"50020","0","0","0"
"50023","0","0","0"
"50034","0","0","0"
"50035","0","0","0"
"60002","0","0","0"
"60018","0","0","0"
"60020","0","0","0"
"60028","0","0","0"
"60031","0","0","0"
"60041","0","0","0"
"70006","0","0","0"
"70014","0","0","0"
"70021","0","0","0"
"70028","0","0","0"
"70032","0","0","0"
"70035","0","0","0"
"80016","0","0","0"
"80022","0","0","0"
"80027","0","0","0"
"80029","0","0","0"
"80038","0","0","0"
"80039","0","0","0"
"90005","0","0","0"
"90011","0","0","0"
"90022","0","0","0"
"90027","0","0","0"
"90029","0","0","0"
"90035","0","0","0"
"100002","0","0","0"
"100006","0","0","0"
"100023","0","0","0"
"100034","0","0","0"
"100039","0","0","0"
"100096","0","0","0"
"110010","0","0","0"
"110011","0","0","0"
"110023","0","0","0"
"110028","0","0","0"
"110033","0","0","0"
"110040","0","0","0"
"120005","0","0","0"
"120013","0","0","0"
"120017","0","0","0"
"120020","0","0","0"
"120108","0","0","0"
"130011","0","0","0"
"130013","0","0","0"
"130018","0","0","0"
"130024","0","0","0"
"130030","0","0","0"
"130032","0","0","0"
"140004","0","0","0"
"140016","0","0","0"
"140021","0","0","0"
"140024","0","0","0"
"140031","0","0","0"
"140039","0","0","0"
"150005","0","0","0"
"150006","0","0","0"
"150022","0","0","0"
"150026","0","0","0"
"150028","0","0","0"
"150042","0","0","0"
"160005","0","0","0"
"160007","0","0","0"
"160026","0","0","0"
"160028","0","0","0"
"160029","0","0","0"
"160055","0","0","0"
"170022","0","0","0"
"170028","0","0","0"
"170031","0","0","0"
"170032","0","0","0"
"170036","0","0","0"
"180002","0","0","0"
"180009","0","0","0"
"180013","0","0","0"
"180020","0","0","0"
"180029","0","0","0"
"180036","0","0","0"
"190004","0","0","0"
"190007","0","0","0"
"190018","0","0","0"
"190023","0","0","0"
"190026","0","0","0"
"190044","0","0","0"
"200004","0","0","0"
"200009","0","0","0"
"200010","0","0","0"
"200019","0","0","0"
"200042","0","0","0"
"210013","0","0","0"
"210020","0","0","0"
"210023","0","0","0"
"210025","0","0","0"
"210030","0","0","0"
"210048","0","0","0"
"220001","0","0","0"
"220003","0","0","0"
"220004","0","0","0"
"220017","0","0","0"
"220035","0","0","0"
"230001","0","0","0"
"230002","0","0","0"
"230018","0","0","0"
"230019","0","0","0"
"230022","0","0","0"
"230026","0","0","0"
"240002","0","0","0"
"240022","0","0","0"
"240028","0","0","0"
"240031","0","0","0"
"240073","0","0","0"
"240167","0","0","0"
"250000","0","0","0"
"250001","0","0","0"
"250002","0","0","0"
"250032","0","0","0"
"250033","0","0","0"
"260005","0","0","0"
"260020","0","0","0"
"260021","0","0","0"
"260029","0","0","0"
"260044","0","0","0"
"270020","0","0","0"
"270021","0","0","0"
"270027","0","0","0"
"270032","0","0","0"
"270037","0","0","0"
"270041","0","0","0"
"280011","0","0","0"
"280019","0","0","0"
"280020","0","0","0"
"280026","0","0","0"
"280043","0","0","0"
"280095","0","0","0"
"290004","0","0","0"
"290005","0","0","0"
"290019","0","0","0"
"290033","0","0","0"
"290039","0","0","0"
"290042","0","0","0"
"300005","0","0","0"
"300017","0","0","0"
"300021","0","0","0"
"300023","0","0","0"
"300026","0","0","0"
"300035","0","0","0"
"310000","0","0","0"
"310014","0","0","0"
"310017","0","0","0"
"310021","0","0","0"
"310040","0","0","0"
"310042","0","0","0"
"320005","0","0","0"
"320008","0","0","0"
"320012","0","0","0"
"320014","0","0","0"
"320020","0","0","0"
"320036","0","0","0"
"330002","0","0","0"
"330007","0","0","0"
"330018","0","0","0"
"330029","0","0","0"
"330113","0","0","0"
"330134","0","0","0"
"340007","0","0","0"
"340009","0","0","0"
"340011","0","0","0"
"340022","0","0","0"
"340032","0","0","0"
"340142","0","0","0"
"350003","0","0","0"
"350005","0","0","0"
"350007","0","0","0"
"350024","0","0","0"
"350031","0","0","0"
"350042","0","0","0"
"360002","0","0","0"
"360012","0","0","0"
"360014","0","0","0"
"360022","0","0","0"
"360031","0","0","0"
"360037","0","0","0"
"370007","0","0","0"
"370013","0","0","0"
"370016","0","0","0"
"370035","0","0","0"
"370039","0","0","0"
"370054","0","0","0"
"380000","0","0","0"
"380012","0","0","0"
"380013","0","0","0"
"380026","0","0","0"
"380032","0","0","0"
"380034","0","0","0"
"390015","0","0","0"
"390024","0","0","0"
"390028","0","0","0"
"390035","0","0","0"
"390069","0","0","0"
"400017","0","0","0"
"400022","0","0","0"
"400028","0","0","0"
"400038","0","0","0"
"400040","0","0","0"
"400093","0","0","0"
"410004","0","0","0"
"410005","0","0","0"
"410026","0","0","0"
"410028","0","0","0"
"410050","0","0","0"
"420003","0","0","0"
"420007","0","0","0"
"420016","0","0","0"
"420044","0","0","0"
"420127","0","0","0"
"420163","0","0","0"
"430000","0","0","0"
"430022","0","0","0"
"430035","0","0","0"
"430083","0","0","0"
"430102","0","0","0"
"430169","0","0","0"
"440010","0","0","0"
"440023","0","0","0"
"440026","0","0","0"
"440028","0","0","0"
"440035","0","0","0"
"440048","0","0","0"
"450022","0","0","0"
"450025","0","0","0"
"450026","0","0","0"
"450034","0","0","0"
"450047","0","0","0"
"450052","0","0","0"
"460002","0","0","0"
"460009","0","0","0"
"460012","0","0","0"
"460022","0","0","0"
"460025","0","0","0"
"460035","0","0","0"
"470001","0","0","0"
"470007","0","0","0"
"470021","0","0","0"
"470029","0","0","0"
"470037","0","0","0"
"470048","0","0","0"
"480000","0","0","0"
"480016","0","0","0"
"480025","0","0","0"
"480034","0","0","0"
"480037","0","0","0"
"480040","0","0","0"
"490011","0","0","0"
"490019","0","0","0"
"490020","0","0","0"
"490047","0","0","0"
"490048","0","0","0"
"490148","0","0","0"
"500000","0","0","0"
"500002","0","0","0"
"500007","0","0","0"
"500010","0","0","0"
"500026","0","0","0"
"500043","0","0","0"
"510012","0","0","0"
"510019","0","0","0"
"510022","0","0","0"
"510040","0","0","0"
"510047","0","0","0"
"520005","0","0","0"
"520030","0","0","0"
"520033","0","0","0"
"520034","0","0","0"
"520040","0","0","0"
"520052","0","0","0"
"530006","0","0","0"
"530010","0","0","0"
"530023","0","0","0"
"530037","0","0","0"
"530141","0","0","0"
"540000","0","0","0"
"540008","0","0","0"
"540011","0","0","0"
"540022","0","0","0"
"540043","0","0","0"
"540118","0","0","0"
"550016","0","0","0"
"550025","0","0","0"
"550028","0","0","0"
"550032","0","0","0"
"550035","0","0","0"
"550075","0","0","0"
"560005","0","0","0"
"560008","0","0","0"
"560033","0","0","0"
"560050","0","0","0"
"560092","0","0","0"
"570006","0","0","0"
"570007","0","0","0"
"570024","0","0","0"
"570036","0","0","0"
"570044","0","0","0"
"570045","0","0","0"
"580010","0","0","0"
"580016","0","0","0"
"580024","0","0","0"
"580051","0","0","0"
"580085","0","0","0"
"580161","0","0","0"
"590005","0","0","0"
"590012","0","0","0"
"590019","0","0","0"
"590035","0","0","0"
"590045","0","0","0"
"600005","0","0","0"
"600006","0","0","0"
"600016","0","0","0"
"600022","0","0","0"
"600047","0","0","0"
"600083","0","0","0"
"610005","0","0","0"
"610007","0","0","0"
"610009","0","0","0"
"610014","0","0","0"
"610029","0","0","0"
"610163","0","0","0"
"620002","0","0","0"
"620003","0","0","0"
"620010","0","0","0"
"620014","0","0","0"
"620028","0","0","0"
"620041","0","0","0"
"630008","0","0","0"
"630010","0","0","0"
"630017","0","0","0"
"630018","0","0","0"
"630028","0","0","0"
"630046","0","0","0"
"640000","0","0","0"
"640003","0","0","0"
"640015","0","0","0"
"640103","0","0","0"
"640128","0","0","0"
"640163","0","0","0"
"650000","0","0","0"
"650001","0","0","0"
"650006","0","0","0"
"650016","0","0","0"
"650048","0","0","0"
"650061","0","0","0"
"660001","0","0","0"
"660007","0","0","0"
"660020","0","0","0"
"660022","0","0","0"
"660032","0","0","0"
"660052","0","0","0"
"670006","0","0","0"
"670017","0","0","0"
"670029","0","0","0"
"670038","0","0","0"
"670043","0","0","0"
"680021","0","0","0"
"680025","0","0","0"
"680028","0","0","0"
"680051","0","0","0"
"680157","0","0","0"
"690002","0","0","0"
"690011","0","0","0"
"690040","0","0","0"
"690041","0","0","0"
"690100","0","0","0"
"690147","0","0","0"
"700041","0","0","0"
"700042","0","0","0"
"700044","0","0","0"
"700111","0","0","0"
"700153","0","0","0"
"710002","0","0","0"
"710008","0","0","0"
"710010","0","0","0"
"710018","0","0","0"
"710019","0","0","0"
"710047","0","0","0"
"720011","0","0","0"
"720013","0","0","0"
"720026","0","0","0"
"720044","0","0","0"
"720059","0","0","0"
"730001","0","0","0"
"730024","0","0","0"
"730025","0","0","0"
"730027","0","0","0"
"730032","0","0","0"
"730041","0","0","0"
"740002","0","0","0"
"740007","0","0","0"
"740040","0","0","0"
"740047","0","0","0"
"740076","0","0","0"
"750000","0","0","0"
"750017","0","0","0"
"750027","0","0","0"
"750031","0","0","0"
"750039","0","0","0"
"750063","0","0","0"
"760000","0","0","0"
"760003","0","0","0"
"760013","0","0","0"
"760027","0","0","0"
"760028","0","0","0"
"760131","0","0","0"
"770002","0","0","0"
"770025","0","0","0"
"770026","0","0","0"
"770041","0","0","0"
"770042","0","0","0"
"770043","0","0","0"
"780000","0","0","0"
"780001","0","0","0"
"780013","0","0","0"
"780033","0","0","0"
"780092","0","0","0"
"780149","0","0","0"
"790027","0","0","0"
"790029","0","0","0"
"790036","0","0","0"
"790071","0","0","0"
"800004","0","0","0"
"800006","0","0","0"
"800011","0","0","0"
"800012","0","0","0"
"800037","0","0","0"
"800061","0","0","0"
"810009","0","0","0"
"810021","0","0","0"
"810032","0","0","0"
"810044","0","0","0"
"810070","0","0","0"
"810099","0","0","0"
"820015","0","0","0"
"820027","0","0","0"
"820032","0","0","0"
"820042","0","0","0"
"820053","0","0","0"
"820111","0","0","0"
"830008","0","0","0"
"830018","0","0","0"
"830024","0","0","0"
"830028","0","0","0"
"830089","0","0","0"
"830108","0","0","0"
"840010","0","0","0"
"840014","0","0","0"
"840015","0","0","0"
"840034","0","0","0"
"840038","0","0","0"
"840066","0","0","0"
"850004","0","0","0"
"850043","0","0","0"
"850059","0","0","0"
"850168","0","0","0"
"860001","0","0","0"
"860002","0","0","0"
"860004","0","0","0"
"860042","0","0","0"
"860043","0","0","0"
"860115","0","0","0"
"870035","0","0","0"
"870071","0","0","0"
"870104","0","0","0"
"870106","0","0","0"
"870131","0","0","0"
"870142","0","0","0"
"880018","0","0","0"
"880037","0","0","0"
"880038","0","0","0"
"880049","0","0","0"
"880099","0","0","0"
"880112","0","0","0"
"890007","0","0","0"
"890008","0","0","0"
"890039","0","0","0"
"890051","0","0","0"
"890052","0","0","0"
"890070","0","0","0"
"900010","0","0","0"
"900015","0","0","0"
"900031","0","0","0"
"900032","0","0","0"
"900035","0","0","0"
"900072","0","0","0"
"910010","0","0","0"
"910014","0","0","0"
"910023","0","0","0"
"910026","0","0","0"
"910040","0","0","0"
"920005","0","0","0"
"920021","0","0","0"
"920035","0","0","0"
"920045","0","0","0"
"920109","0","0","0"
"920156","0","0","0"
"930030","0","0","0"
"930031","0","0","0"
"930042","0","0","0"
"930047","0","0","0"
"930076","0","0","0"
"930110","0","0","0"
"940004","0","0","0"
"940005","0","0","0"
"940009","0","0","0"
"940014","0","0","0"
"940026","0","0","0"
"940035","0","0","0"
"950010","0","0","0"
"950022","0","0","0"
"950025","0","0","0"
"950026","0","0","0"
"950125","0","0","0"
"950133","0","0","0"
"960008","0","0","0"
"960014","0","0","0"
"960018","0","0","0"
"960044","0","0","0"
"960045","0","0","0"
"960120","0","0","0"
"970003","0","0","0"
"970021","0","0","0"
"970025","0","0","0"
"970044","0","0","0"
"970073","0","0","0"
"970138","0","0","0"
"980008","0","0","0"
"980018","0","0","0"
"980019","0","0","0"
"980030","0","0","0"
"980037","0","0","0"
"980079","0","0","0"
"990013","0","0","0"
"990030","0","0","0"
"990051","0","0","0"
"990066","0","0","0"
"990090","0","0","0"
"990144","0","0","0"
"1000008","0","0","0"
"1000025","0","0","0"
"1000032","0","0","0"
"1000047","0","0","0"
"1000112","0","0","0"
"1000120","0","0","0"
"1010005","0","0","0"
"1010008","0","0","0"
"1010010","0","0","0"
"1010013","0","0","0"
"1010026","0","0","0"
"1010040","0","0","0"
"1020006","0","0","0"
"1020036","0","0","0"
"1020040","0","0","0"
"1020048","0","0","0"
"1020097","0","0","0"
"1020104","0","0","0"
"1030018","0","0","0"
"1030029","0","0","0"
"1030030","0","0","0"
"1030035","0","0","0"
"1030073","0","0","0"
"1030158","0","0","0"
"1040009","0","0","0"
"1040028","0","0","0"
"1040037","0","0","0"
"1040044","0","0","0"
"1040113","0","0","0"
"1040132","0","0","0"
"1050006","0","0","0"
"1050007","0","0","0"
"1050022","0","0","0"
"1050031","0","0","0"
"1050042","0","0","0"
"1050134","0","0","0"
"1060004","0","0","0"
"1060023","0","0","0"
"1060025","0","0","0"
"1060032","0","0","0"
"1060037","0","0","0"
"1060110","0","0","0"
"1070008","0","0","0"
"1070012","0","0","0"
"1070013","0","0","0"
"1070028","0","0","0"
"1070043","0","0","0"
"1070074","0","0","0"
"1080002","0","0","0"
"1080042","0","0","0"
"1080052","0","0","0"
"1080083","0","0","0"
"1080158","0","0","0"
"1090000","0","0","0"
"1090029","0","0","0"
"1090037","0","0","0"
"1090096","0","0","0"
"1090154","0","0","0"
"1100031","0","0","0"
"1100032","0","0","0"
"1100038","0","0","0"
"1100053","0","0","0"
"1100123","0","0","0"
"1110001","0","0","0"
"1110002","0","0","0"
"1110014","0","0","0"
"1110025","0","0","0"
"1110104","0","0","0"
"1120004","0","0","0"
"1120018","0","0","0"
"1120020","0","0","0"
"1120026","0","0","0"
"1120038","0","0","0"
"1120082","0","0","0"
"1130007","0","0","0"
"1130017","0","0","0"
"1130023","0","0","0"
"1130025","0","0","0"
"1130028","0","0","0"
"1130042","0","0","0"
"1140004","0","0","0"
"1140013","0","0","0"
"1140034","0","0","0"
"1140053","0","0","0"
"1140054","0","0","0"
"1140056","0","0","0"
"1150007","0","0","0"
"1150023","0","0","0"
"1150058","0","0","0"
"1150093","0","0","0"
"1150106","0","0","0"
"1160003","0","0","0"
"1160025","0","0","0"
"1160071","0","0","0"
"1160097","0","0","0"
"1160128","0","0","0"
"1160163","0","0","0"
"1170006","0","0","0"
"1170011","0","0","0"
"1170027","0","0","0"
"1170047","0","0","0"
"1170052","0","0","0"
"1170058","0","0","0"
"1180002","0","0","0"
"1180035","0","0","0"
"1180080","0","0","0"
"1180087","0","0","0"
"1180115","0","0","0"
"1180137","0","0","0"
"1190001","0","0","0"
"1190070","0","0","0"
"1190136","0","0","0"
"1190156","0","0","0"
"1190168","0","0","0"
"1200002","0","0","0"
"1200013","0","0","0"
"1200023","0","0","0"
"1200035","0","0","0"
"1200072","0.03125","0.03125","0.03125"
"1200145","0","0","0"
"1210010","0","0","0"
"1210034","0","0","0"
"1210051","0","0","0"
"1210078","0","0","0"
"1210101","0","0","0"
"1210148","0","0","0"
"1220002","0","0","0"
"1220016","0","0","0"
"1220024","0","0","0"
"1220087","0","0","0"
"1220155","0","0","0"
"1220164","0","0","0"
"1230008","0","0","0"
"1230010","0","0","0"
"1230019","0","0","0"
"1230044","0","0","0"
"1230069","0","0","0"
"1230073","0","0","0"
"1240013","0","0","0"
"1240018","0","0","0"
"1240023","0","0","0"
"1240030","0","0","0"
"1240035","0","0","0"
"1240040","0","0","0"
"1250001","0","0","0"
"1250006","0","0","0"
"1250007","0","0","0"
"1250025","0","0","0"
"1250041","0","0","0"
"1250078","0","0","0"
"1260024","0","0","0"
"1260044","0","0","0"
"1260060","0","0","0"
"1260076","0","0","0"
"1260097","0","0","0"
"1260141","0","0","0"
"1270005","0","0","0"
"1270011","0","0","0"
"1270021","0","0","0"
"1270032","0","0","0"
"1270046","0","0","0"
"1270090","0","0","0"
"1280007","0","0","0"
"1280008","0","0","0"
"1280013","0","0","0"
"1280014","0","0","0"
"1280017","0","0","0"
"1280107","0","0","0"
"1290014","0","0","0"
"1290017","0","0","0"
"1290039","0","0","0"
"1290045","0","0","0"
"1290054","0","0","0"
"1290151","0","0","0"
"1300030","0","0","0"
"1300038","0","0","0"
"1300041","0","0","0"
"1300049","0","0","0"
"1300117","0","0","0"
"1300141","0","0","0"
"1310039","0","0","0"
"1310040","0","0","0"
"1310061","0","0","0"
"1310139","0","0","0"
"1310140","0","0","0"
"1310149","0","0","0"
"1320024","0","0","0"
"1320026","0","0","0"
"1320033","0","0","0"
"1320041","0","0","0"
"1320042","0","0","0"
"1320079","0","0","0"
"1330020","0","0","0"
"1330029","0","0","0"
"1330035","0","0","0"
"1330049","0","0","0"
"1330061","0","0","0"
"1330122","0","0","0"
"1340002","0","0","0"
"1340019","0","0","0"
"1340028","0","0","0"
"1340049","0","0","0"
"1340075","0","0","0"
"1340107","0","0","0"
"1350006","0","0","0"
"1350032","0","0","0"
"1350044","0","0","0"
"1350067","0","0","0"
"1350086","0","0","0"
"1350093","0","0","0"
"1360011","0","0","0"
"1360022","0","0","0"
"1360026","0","0","0"
"1360029","0","0","0"
"1360102","0","0","0"
"1370000","0","0","0"
"1370010","0","0","0"
"1370034","0","0","0"
"1370074","0","0","0"
"1370119","0","0","0"
"1370125","0","0","0"
"1380012","0","0","0"
"1380016","0","0","0"
"1380028","0","0","0"
"1380047","0","0","0"
"1380089","0","0","0"
"1380160","0","0","0"
"1390023","0","0","0"
"1390045","0","0","0"
"1390104","0","0","0"
"1390115","0","0","0"
"1390129","0","0","0"
"1390150","0","0","0"
"1400011","0","0","0"
"1400013","0","0","0"
"1400028","0","0","0"
"1400036","0","0","0"
"1400067","0","0","0"
"1400084","0","0","0"
"1410011","0","0","0"
"1410023","0","0","0"
"1410035","0","0","0"
"1410128","0","0","0"
"1410129","0","0","0"
"1410135","0","0","0"
"1420006","0","0","0"
"1420008","0","0","0"
"1420015","0","0","0"
"1420032","0","0","0"
"1420042","0","0","0"
"1420052","0","0","0"
"1430026","0","0","0"
"1430030","0","0","0"
"1430033","0","0","0"
"1430066","0","0","0"
"1430103","0","0","0"
"1430164","0","0","0"
"1440010","0","0","0"
"1440017","0","0","0"
"1440018","0","0","0"
"1440070","0","0","0"
"1440090","0","0","0"
"1440120","0","0","0"
"1450040","0","0","0"
"1450058","0","0","0"
"1450059","0","0","0"
"1450065","0","0","0"
"1450068","0","0","0"
"1450071","0","0","0"
"1460003","0","0","0"
"1460015","0","0","0"
"1460037","0","0","0"
"1460041","0","0","0"
"1460143","0","0","0"
"1460168","0","0","0"
"1470006","0","0","0"
"1470007","0","0","0"
"1470008","0","0","0"
"1470023","0","0","0"
"1470053","0","0","0"
"1470145","0","0","0"
"1480000","0","0","0"
"1480012","0","0","0"
"1480027","0","0","0"
"1480077","0","0","0"
"1480090","0","0","0"
"1480159","0","0","0"
"1490030","0","0","0"
"1490032","0","0","0"
"1490051","0","0","0"
"1490055","0","0","0"
"1490132","0","0","0"
"1490141","0","0","0"
"1500013","0","0","0"
"1500038","0","0","0"
"1500062","0","0","0"
"1500085","0","0","0"
"1500088","0","0","0"
"1500158","0","0","0"
"1510001","0","0","0"
"1510032","0","0","0"
"1510035","0","0","0"
"1510051","0","0","0"
"1510119","0","0","0"
"1510158","0","0","0"
"1520000","0","0","0"
"1520041","0","0","0"
"1520060","0","0","0"
"1520082","0","0","0"
"1520132","0","0","0"
"1520142","0","0","0"
"1530022","0","0","0"
"1530024","0","0","0"
"1530025","0","0","0"
"1530086","0","0","0"
"1530094","0","0","0"
"1530127","0","0","0"
"1540014","0.03125","0.03125","0.03125"
"1540025","0","0","0"
"1540029","0","0","0"
"1540054","0","0","0"
"1540069","0","0","0"
"1540128","0","0","0"
"1550007","0","0","0"
"1550015","0","0","0"
"1550034","0","0","0"
"1550063","0","0","0"
"1550117","0","0","0"
"1560005","0","0","0"
"1560027","0","0","0"
"1560042","0","0","0"
"1560051","0","0","0"
"1560073","0","0","0"
"1560145","0","0","0"
"1570030","0","0","0"
"1570037","0","0","0"
"1570073","0","0","0"
"1570096","0","0","0"
"1570127","0","0","0"
"1580022","0","0","0"
"1580025","0","0","0"
"1580064","0","0","0"
"1580085","0","0","0"
"1580111","0","0","0"
"1580123","0","0","0"
"1590005","0","0","0"
"1590019","0","0","0"
"1590027","0","0","0"
"1590039","0","0","0"
"1590063","0","0","0"
"1590145","0","0","0"
"1600004","0","0","0"
"1600035","0","0","0"
"1600039","0","0","0"
"1600040","0","0","0"
"1600068","0","0","0"
"1600080","0","0","0"
"1610013","0","0","0"
"1610021","0","0","0"
"1610053","0","0","0"
"1610075","0","0","0"
"1610101","0","0","0"
"1610167","0","0","0"
"1620008","0","0","0"
"1620029","0","0","0"
"1620062","0","0","0"
"1620136","0","0","0"
"1620147","0","0","0"
"1620158","0","0","0"
"1630029","0","0","0"
"1630038","0","0","0"
"1630061","0","0","0"
"1630080","0","0","0"
"1630130","0","0","0"
"1630158","0","0","0"
"1640036","0","0","0"
"1640038","0","0","0"
"1640050","0","0","0"
"1640098","0","0","0"
"1640106","0","0","0"
"1640140","0","0","0"
"1650012","0","0","0"
"1650015","0","0","0"
"1650038","0","0","0"
"1650104","0","0","0"
"1650127","0","0","0"
"1650162","0","0","0"
"1660039","0","0","0"
"1660083","0","0","0"
"1660096","0","0","0"
"1660097","0","0","0"
"1660152","0","0","0"
"1660158","0","0","0"
"1670002","0","0","0"
"1670005","0","0","0"
"1670021","0","0","0"
"1670074","0","0","0"
"1670127","0","0","0"
"1670131","0","0","0"
"1680015","0","0","0"
"1680022","0","0","0"
"1680033","0","0","0"
"1680113","0","0","0"
"1680155","0","0","0"
"1690022","0","0","0"
"1690053","0","0","0"
"1690063","0","0","0"
"1690067","0","0","0"
"1690095","0","0","0"
"1690150","0","0","0"
"1700006","0","0","0"
"1700013","0","0","0"
"1700027","0","0","0"
"1700042","0","0","0"
"1700082","0","0","0"
"1700105","0","0","0"
"1710023","0","0","0"
"1710030","0","0","0"
"1710033","0","0","0"
"1710058","0","0","0"
"1710132","0","0","0"
"1710138","0","0","0"
"1720001","0","0","0"
"1720008","0","0","0"
"1720020","0","0","0"
"1720052","0","0","0"
"1720100","0","0","0"
"1720127","0","0","0"
"1730003","0","0","0"
"1730030","0","0","0"
"1730040","0","0","0"
"1730051","0","0","0"
"1730116","0","0","0"
"1730139","0","0","0"
"1740024","0","0","0"
"1740027","0","0","0"
"1740039","0","0","0"
"1740041","0","0","0"
"1740092","0","0","0"
"1740147","0","0","0"
"1750013","0","0","0"
"1750047","0","0","0"
"1750071","0","0","0"
"1750074","0","0","0"
"1750135","0","0","0"
"1760003","0","0","0"
"1760013","0","0","0"
"1760020","0","0","0"
"1760022","0","0","0"
"1760124","0","0","0"
"1760134","0","0","0"
"1770023","0","0","0"
"1770024","0","0","0"
"1770044","0","0","0"
"1770057","0.03125","0.03125","0.03125"
"1770104","0","0","0"
"1770141","0","0","0"
"1780000","0","0","0"
"1780008","0","0","0"
"1780019","0","0","0"
"1780037","0","0","0"
"1780050","0","0","0"
"1780070","0","0","0"
"1790001","0","0","0"
"1790024","0","0","0"
"1790044","0","0","0"
"1790046","0","0","0"
"1790064","0","0","0"
"1790070","0","0","0"
"1800004","0","0","0"
"1800012","0","0","0"
"1800016","0","0","0"
"1800034","0","0","0"
"1800049","0","0","0"
"1800061","0","0","0"
"1810026","0","0","0"
"1810042","0","0","0"
"1810061","0","0","0"
"1810093","0","0","0"
"1810139","0","0","0"
"1820062","0","0","0"
"1820068","0","0","0"
"1820072","0","0","0"
"1820080","0","0","0"
"1820138","0","0","0"
"1820157","0","0","0"
"1830000","0","0","0"
"1830001","0","0","0"
"1830009","0","0","0"
"1830014","0","0","0"
"1830129","0","0","0"
"1830154","0","0","0"
"1840002","0","0","0"
"1840013","0","0","0"
"1840034","0","0","0"
"1840083","0","0","0"
"1840086","0","0","0"
"1840146","0","0","0"
"1850004","0","0","0"
"1850029","0","0","0"
"1850033","0","0","0"
"1850075","0","0","0"
"1850119","0","0","0"
"1850129","0","0","0"
"1860011","0","0","0"
"1860024","0","0","0"
"1860037","0","0","0"
"1860038","0","0","0"
"1860048","0","0","0"
"1860067","0","0","0"
"1870002","0","0","0"
"1870016","0","0","0"
"1870063","0","0","0"
"1870076","0","0","0"
"1870162","0","0","0"
"1880002","0","0","0"
"1880005","0","0","0"
"1880017","0","0","0"
"1880019","0","0","0"
"1880024","0","0","0"
"1880080","0","0","0"
"1890009","0","0","0"
"1890022","0","0","0"
"1890025","0","0","0"
"1890107","0","0","0"
"1890124","0","0","0"
"1890152","0","0","0"
"1900020","0","0","0"
"1900040","0","0","0"
"1900077","0","0","0"
"1900104","0","0","0"
"1900125","0","0","0"
"1900130","0","0","0"
"1910021","0","0","0"
"1910026","0","0","0"
"1910041","0","0","0"
"1910066","0","0","0"
"1910133","0","0","0"
"1910155","0","0","0"
"1920021","0","0","0"
"1920024","0","0","0"
"1920042","0","0","0"
"1920082","0","0","0"
"1920114","0","0","0"
"1920137","0","0","0"
"1930005","0","0","0"
"1930018","0","0","0"
"1930085","0","0","0"
"1930091","0","0","0"
"1930093","0","0","0"
"1930105","0","0","0"
"1940000","0","0","0"
"1940002","0","0","0"
"1940017","0","0","0"
"1940098","0","0","0"
"1940111","0","0","0"
"1940117","0","0","0"
"1950017","0","0","0"
"1950046","0","0","0"
"1950065","0","0","0"
"1950067","0","0","0"
"1950098","0","0","0"
"1950164","0","0","0"
"1960001","0","0","0"
"1960025","0","0","0"
"1960061","0","0","0"
"1960063","0","0","0"
"1960083","0","0","0"
"1960145","0","0","0"
"1970009","0","0","0"
"1970016","0","0","0"
"1970059","0","0","0"
"1970061","0","0","0"
"1970155","0","0","0"
"1970158","0","0","0"
"1980001","0","0","0"
"1980016","0","0","0"
"1980045","0","0","0"
"1980055","0","0","0"
"1980123","0","0","0"
"1980162","0","0","0"
"1990015","0","0","0"
"1990016","0","0","0"
"1990027","0","0","0"
"1990038","0","0","0"
"1990083","0","0","0"
"1990107","0","0","0"
"2000026","0","0","0"
"2000028","0","0","0"
"2000059","0","0","0"
"2000072","0","0","0"
"2000130","0","0","0"
"2000149","0","0","0"
"2010004","0","0","0"
"2010013","0","0","0"
"2010121","0","0","0"
"2010141","0","0","0"
"2010158","0","0","0"
"2020013","0","0","0"
"2020015","0","0","0"
"2020025","0","0","0"
"2020082","0","0","0"
"2020121","0","0","0"
"2020140","0","0","0"
"2030010","0","0","0"
"2030022","0","0","0"
"2030047","0","0","0"
"2030049","0","0","0"
"2030095","0","0","0"
"2030104","0","0","0"
"2040000","0","0","0"
"2040004","0","0","0"
"2040022","0","0","0"
"2040034","0","0","0"
"2040077","0","0","0"
"2040094","0.03125","0.03125","0.03125"
"2050007","0","0","0"
"2050049","0","0","0"
"2050072","0","0","0"
"2050085","0","0","0"
"2050086","0","0","0"
"2050133","0","0","0"
"2060036","0","0","0"
"2060056","0","0","0"
"2060061","0","0","0"
"2060091","0","0","0"
"2060127","0","0","0"
"2060141","0","0","0"
"2070039","0","0","0"
"2070045","0","0","0"
"2070046","0","0","0"
"2070071","0","0","0"
"2070104","0","0","0"
"2070160","0","0","0"
"2080003","0","0","0"
"2080025","0","0","0"
"2080049","0","0","0"
"2080056","0","0","0"
"2080113","0","0","0"
"2080135","0","0","0"
"2090007","0","0","0"
"2090016","0","0","0"
"2090022","0","0","0"
"2090064","0","0","0"
"2090078","0","0","0"
"2090094","0","0","0"
"2100033","0","0","0"
"2100036","0","0","0"
"2100097","0","0","0"
"2100102","0","0","0"
"2100105","0","0","0"
"2100157","0","0","0"
"2110035","0","0","0"
"2110045","0","0","0"
"2110059","0","0","0"
"2110066","0","0","0"
"2110069","0","0","0"
"2110072","0","0","0"
"2120001","0","0","0"
"2120002","0","0","0"
"2120028","0","0","0"
"2120073","0","0","0"
"2120139","0","0","0"
"2120154","0","0","0"
"2130011","0","0","0"
"2130040","0","0","0"
"2130099","0","0","0"
"2130103","0","0","0"
"2130159","0","0","0"
"2140036","0","0","0"
"2140046","0","0","0"
"2140076","0","0","0"
"2140083","0","0","0"
"2140103","0","0","0"
"2140142","0","0","0"
"2150037","0","0","0"
"2150057","0","0","0"
"2150069","0","0","0"
"2150085","0","0","0"
"2150113","0","0","0"
"2150138","0","0","0"
"2160014","0","0","0"
"2160027","0","0","0"
"2160036","0","0","0"
"2160060","0","0","0"
"2160070","0","0","0"
"2160074","0","0","0"
"2170015","0","0","0"
"2170025","0","0","0"
"2170045","0","0","0"
"2170046","0","0","0"
"2170056","0","0","0"
"2170080","0","0","0"
"2180009","0","0","0"
"2180016","0","0","0"
"2180029","0","0","0"
"2180068","0","0","0"
"2180085","0","0","0"
"2180090","0","0","0"
"2190000","0","0","0"
"2190016","0","0","0"
"2190069","0","0","0"
"2190111","0","0","0"
"2190132","0","0","0"
"2190148","0","0","0"
"2200006","0","0","0"
"2200033","0","0","0"
"2200036","0","0","0"
"2200038","0","0","0"
"2200113","0","0","0"
"2200169","0","0","0"
"2210024","0","0","0"
"2210056","0","0","0"
"2210094","0","0","0"
"2210099","0","0","0"
"2210168","0","0","0"
"2220034","0","0","0"
"2220056","0","0","0"
"2220069","0","0","0"
"2220100","0","0","0"
"2220128","0","0","0"
"2220137","0","0","0"
"2230005","0","0","0"
"2230030","0","0","0"
"2230053","0","0","0"
"2230055","0","0","0"
"2230076","0","0","0"
"2230121","0","0","0"
"2240012","0","0","0"
"2240051","0","0","0"
"2240090","0","0","0"
"2240108","0","0","0"
"2240151","0","0","0"
"2240159","0","0","0"
"2250009","0","0","0"
"2250035","0","0","0"
"2250041","0","0","0"
"2250083","0","0","0"
"2250156","0","0","0"
"2260001","0","0","0"
"2260017","0","0","0"
"2260023","0","0","0"
"2260049","0","0","0"
"2260074","0","0","0"
"2260077","0","0","0"
"2270022","0","0","0"
"2270027","0","0","0"
"2270030","0","0","0"
"2270108","0","0","0"
"2270122","0","0","0"
"2280088","0","0","0"
"2280129","0","0","0"
"2280142","0","0","0"
"2280152","0","0","0"
"2280162","0","0","0"
"2280169","0","0","0"
"2290011","0","0","0"
"2290029","0","0","0"
"2290054","0","0","0"
"2290067","0","0","0"
"2290160","0","0","0"
"2300009","0","0","0"
"2300017","0","0","0"
"2300027","0","0","0"
"2300029","0","0","0"
"2300043","0","0","0"
"2300142","0","0","0"
"2310015","0","0","0"
"2310034","0","0","0"
"2310051","0","0","0"
"2310053","0","0","0"
"2310083","0","0","0"
"2310139","0","0","0"
"2320004","0","0","0"
"2320028","0","0","0"
"2320048","0","0","0"
"2320056","0","0","0"
"2320058","0","0","0"
"2320125","0","0","0"
"2330005","0","0","0"
"2330008","0","0","0"
"2330023","0","0","0"
"2330027","0","0","0"
"2330083","0","0","0"
"2330164","0","0","0"
"2340009","0","0","0"
"2340038","0","0","0"
"2340057","0","0","0"
"2340086","0","0","0"
"2340111","0","0","0"
"2340143","0","0","0"
"2350012","0","0","0"
"2350014","0","0","0"
"2350019","0","0","0"
"2350050","0","0","0"
"2350088","0","0","0"
"2350141","0","0","0"
"2360014","0","0","0"
"2360033","0","0","0"
"2360058","0","0","0"
"2360077","0","0","0"
"2360086","0","0","0"
"2360132","0","0","0"
"2370004","0","0","0"
"2370008","0","0","0"
"2370032","0","0","0"
"2370036","0","0","0"
"2370088","0","0","0"
"2370095","0","0","0"
"2380040","0","0","0"
"2380042","0","0","0"
"2380061","0","0","0"
"2380090","0","0","0"
"2380101","0","0","0"
"2380145","0","0","0"
"2390007","0","0","0"
"2390030","0","0","0"
"2390112","0","0","0"
"2390134","0","0","0"
"2390142","0","0","0"
"2400000","0.03125","0.03125","0.03125"
"2400046","0","0","0"
"2400101","0","0","0"
"2400112","0","0","0"
"2400123","0","0","0"
"2400155","0","0","0"
"2410031","0","0","0"
"2410035","0","0","0"
"2410038","0","0","0"
"2410099","0","0","0"
"2410136","0","0","0"
"2410151","0","0","0"
"2420012","0","0","0"
"2420027","0","0","0"
"2420032","0","0","0"
"2420091","0","0","0"
"2420107","0","0","0"
"2420134","0","0","0"
"2430009","0","0","0"
"2430025","0","0","0"
"2430029","0","0","0"
"2430032","0","0","0"
"2430060","0","0","0"
"2430106","0","0","0"
"2440003","0","0","0"
"2440033","0","0","0"
"2440048","0","0","0"
"2440061","0","0","0"
"2440064","0","0","0"
"2440152","0","0","0"
"2450012","0","0","0"
"2450081","0","0","0"
"2450091","0","0","0"
"2450102","0","0","0"
"2450104","0","0","0"
"2450131","0","0","0"
"2460007","0","0","0"
"2460035","0","0","0"
"2460043","0","0","0"
"2460122","0","0","0"
"2460129","0","0","0"
"2460139","0","0","0"
"2470036","0","0","0"
"2470037","0","0","0"
"2470059","0","0","0"
"2470110","0","0","0"
"2470138","0","0","0"
"2470169","0","0","0"
"2480004","0","0","0"
"2480019","0","0","0"
"2480025","0","0","0"
"2480035","0","0","0"
"2480145","0","0","0"
"2480150","0","0","0"
"2490004","0","0","0"
"2490013","0","0","0"
"2490033","0","0","0"
"2490036","0","0","0"
"2490057","0","0","0"
"2490061","0","0","0"
"2500018","0","0","0"
"2500033","0","0","0"
"2500048","0","0","0"
"2500049","0","0","0"
"2500060","0","0","0"
"2500161","0","0","0"
"2510006","0","0","0"
"2510014","0","0","0"
"2510039","0","0","0"
"2510041","0","0","0"
"2510047","0","0","0"
"2510078","0","0","0"
"2520019","0","0","0"
"2520033","0","0","0"
"2520046","0","0","0"
"2520082","0","0","0"
"2520108","0","0","0"
"2520115","0","0","0"
"2530006","0","0","0"
"2530038","0","0","0"
"2530055","0","0","0"
"2530057","0","0","0"
"2530081","0","0","0"
"2530085","0","0","0"
"2540004","0","0","0"
"2540032","0","0","0"
"2540038","0","0","0"
"2540054","0","0","0"
"2540076","0","0","0"
"2540092","0","0","0"
"2550043","0","0","0"
"2550052","0","0","0"
"2550078","0","0","0"
"2550113","0","0","0"
"2550132","0","0","0"
"2550159","0","0","0"
"2560000","0","0","0"
"2560052","0","0","0"
"2560071","0","0","0"
"2560084","0","0","0"
"2560164","0","0","0"
"2560165","0","0","0"
"2570008","0","0","0"
"2570050","0","0","0"
"2570071","0","0","0"
"2570142","0","0","0"
"2570149","0","0","0"
"2570162","0","0","0"
"2580003","0","0","0"
"2580041","0","0","0"
"2580049","0","0","0"
"2580063","0","0","0"
"2580064","0","0","0"
"2580124","0","0","0"
"2590020","0","0","0"
"2590048","0","0","0"
"2590054","0","0","0"
"2590081","0","0","0"
"2590096","0","0","0"
"2590161","0","0","0"
"2600013","0","0","0"
"2600029","0","0","0"
"2600050","0","0","0"
"2600069","0","0","0"
"2600079","0","0","0"
"2600093","0","0","0"
"2610001","0","0","0"
"2610038","0","0","0"
"2610043","0","0","0"
"2610045","0","0","0"
"2610052","0","0","0"
"2610053","0","0","0"
"2620000","0","0","0"
"2620012","0","0","0"
"2620016","0","0","0"
"2620024","0","0","0"
"2620125","0","0","0"
"2620167","0","0","0"
"2630007","0","0","0"
"2630012","0","0","0"
"2630051","0","0","0"
"2630125","0","0","0"
"2630145","0","0","0"
"2630155","0","0","0"
"2640025","0","0","0"
"2640059","0","0","0"
"2640060","0","0","0"
"2640062","0","0","0"
"2640160","0","0","0"
"2640166","0","0","0"
"2650004","0","0","0"
"2650035","0","0","0"
"2650058","0","0","0"
"2650077","0","0","0"
"2650090","0","0","0"
"2650165","0","0","0"
"2660038","0","0","0"
"2660071","0","0","0"
"2660093","0","0","0"
"2660162","0","0","0"
"2660166","0","0","0"
"2660168","0","0","0"
"2670011","0","0","0"
"2670020","0","0","0"
"2670021","0","0","0"
"2670029","0","0","0"
"2670036","0","0","0"
"2670145","0","0","0"
"2680004","0","0","0"
"2680046","0","0","0"
"2680048","0","0","0"
"2680076","0","0","0"
"2680096","0","0","0"
"2680161","0","0","0"
"2690002","0","0","0"
"2690031","0","0","0"
"2690042","0","0","0"
"2690075","0","0","0"
"2690101","0","0","0"
"2700019","0","0","0"
"2700021","0","0","0"
"2700040","0","0","0"
"2700061","0","0","0"
"2700087","0","0","0"
"2700139","0","0","0"
"2710018","0","0","0"
"2710040","0","0","0"
"2710066","0","0","0"
"2710083","0","0","0"
"2710117","0","0","0"
"2710164","0","0","0"
"2720009","0","0","0"
"2720031","0","0","0"
"2720056","0","0","0"
"2720107","0","0","0"
"2720133","0","0","0"
"2720153","0","0","0"
"2730032","0","0","0"
"2730048","0","0","0"
"2730050","0","0","0"
"2730101","0","0","0"
"2730103","0","0","0"
"2730148","0","0","0"
"2740044","0","0","0"
"2740056","0","0","0"
"2740071","0","0","0"
"2740079","0","0","0"
"2740107","0","0","0"
"2740160","0","0","0"
"2750007","0","0","0"
"2750018","0","0","0"
"2750064","0","0","0"
"2750066","0","0","0"
"2750093","0","0","0"
"2760017","0","0","0"
"2760035","0","0","0"
"2760097","0.03125","0.03125","0.03125"
"2760113","0","0","0"
"2760127","0","0","0"
"2760143","0","0","0"
"2770012","0","0","0"
"2770023","0","0","0"
"2770033","0","0","0"
"2770043","0","0","0"
"2770093","0","0","0"
"2770111","0","0","0"
"2780007","0","0","0"
"2780026","0","0","0"
"2780037","0","0","0"
"2780052","0","0","0"
"2780080","0","0","0"
"2780101","0","0","0"
"2790018","0","0","0"
"2790024","0","0","0"
"2790062","0","0","0"
"2790069","0","0","0"
"2790070","0","0","0"
"2790139","0","0","0"
"2800018","0","0","0"
"2800030","0","0","0"
"2800044","0","0","0"
"2800060","0","0","0"
"2800121","0","0","0"
"2800152","0","0","0"
"2810003","0","0","0"
"2810034","0","0","0"
"2810038","0","0","0"
"2810072","0","0","0"
"2810119","0","0","0"
"2810133","0","0","0"
"2820029","0","0","0"
"2820047","0","0","0"
"2820053","0","0","0"
"2820111","0","0","0"
"2820157","0","0","0"
"2820165","0","0","0"
"2830003","0","0","0"
"2830018","0","0","0"
"2830065","0","0","0"
"2830069","0","0","0"
"2830073","0","0","0"
"2830139","0","0","0"
"2840043","0","0","0"
"2840086","0","0","0"
"2840088","0","0","0"
"2840099","0","0","0"
"2840103","0","0","0"
"2840140","0","0","0"
"2850024","0","0","0"
"2850033","0","0","0"
"2850038","0","0","0"
"2850092","0","0","0"
"2850162","0","0","0"
"2850168","0","0","0"
"2860008","0","0","0"
"2860018","0","0","0"
"2860022","0","0","0"
"2860049","0","0","0"
"2860110","0","0","0"
"2860163","0.03125","0.03125","0.03125"
"2870014","0","0","0"
"2870021","0","0","0"
"2870087","0","0","0"
"2870102","0","0","0"
"2870103","0","0","0"
"2870127","0","0","0"
"2880016","0","0","0"
"2880031","0","0","0"
"2880045","0","0","0"
"2880052","0","0","0"
"2880112","0","0","0"
"2880127","0","0","0"
"2890008","0","0","0"
"2890015","0","0","0"
"2890023","0","0","0"
"2890024","0","0","0"
"2890039","0","0","0"
"2890142","0","0","0"
"2900021","0.03125","0.03125","0.03125"
"2900036","0","0","0"
"2900058","0","0","0"
"2900065","0","0","0"
"2900165","0","0","0"
"2910005","0","0","0"
"2910022","0","0","0"
"2910068","0","0","0"
"2910111","0","0","0"
"2910147","0","0","0"
"2910159","0","0","0"
"2920043","0","0","0"
"2920053","0","0","0"
"2920075","0","0","0"
"2920081","0","0","0"
"2920103","0","0","0"
"2920104","0","0","0"
"2930024","0","0","0"
"2930027","0","0","0"
"2930029","0","0","0"
"2930038","0","0","0"
"2930099","0","0","0"
"2930119","0","0","0"
"2940051","0","0","0"
"2940054","0","0","0"
"2940098","0","0","0"
"2940099","0","0","0"
"2940118","0","0","0"
"2940138","0","0","0"
"2950033","0","0","0"
"2950060","0","0","0"
"2950063","0","0","0"
"2950094","0","0","0"
"2950109","0","0","0"
"2950143","0","0","0"
"2960010","0","0","0"
"2960015","0","0","0"
"2960034","0","0","0"
"2960039","0","0","0"
"2960040","0","0","0"
"2960167","0","0","0"
"2970006","0","0","0"
"2970026","0","0","0"
"2970043","0","0","0"
"2970044","0","0","0"
"2970116","0","0","0"
"2970132","0","0","0"
"2980012","0","0","0"
"2980016","0","0","0"
"2980043","0","0","0"
"2980051","0","0","0"
"2980099","0","0","0"
"2990006","0","0","0"
"2990033","0","0","0"
"2990036","0","0","0"
"2990055","0","0","0"
"2990059","0","0","0"
"2990163","0","0","0"
"3000012","0","0","0"
"3000027","0","0","0"
"3000040","0","0","0"
"3000096","0","0","0"
"3000097","0","0","0"
"3000158","0","0","0"