"Step","Group: 6h_vs_8z_QMIX - win_rate","Group: 6h_vs_8z_QMIX - win_rate__MIN","Group: 6h_vs_8z_QMIX - win_rate__MAX"
"0","0","0","0"
"10005","0","0","0"
"10007","0","0","0"
"10017","0","0","0"
"10018","0","0","0"
"10019","0","0","0"
"10022","0","0","0"
"20006","0","0","0"
"20007","0","0","0"
"20012","0","0","0"
"20014","0","0","0"
"20017","0","0","0"
"20020","0","0","0"
"30003","0","0","0"
"30004","0","0","0"
"30005","0","0","0"
"30009","0","0","0"
"30014","0","0","0"
"40003","0","0","0"
"40005","0","0","0"
"40006","0","0","0"
"40012","0","0","0"
"40018","0","0","0"
"50006","0","0","0"
"50010","0","0","0"
"50011","0","0","0"
"50016","0","0","0"
"50021","0","0","0"
"60008","0","0","0"
"60010","0","0","0"
"60012","0","0","0"
"60016","0","0","0"
"60020","0","0","0"
"60023","0","0","0"
"70001","0","0","0"
"70002","0","0","0"
"70009","0","0","0"
"70018","0","0","0"
"70019","0","0","0"
"70020","0","0","0"
"80000","0","0","0"
"80006","0","0","0"
"80009","0","0","0"
"80010","0","0","0"
"80017","0","0","0"
"90000","0","0","0"
"90002","0","0","0"
"90004","0","0","0"
"90006","0","0","0"
"90013","0","0","0"
"100000","0","0","0"
"100002","0","0","0"
"100012","0","0","0"
"100014","0","0","0"
"100015","0","0","0"
"100018","0","0","0"
"110003","0","0","0"
"110008","0","0","0"
"110010","0","0","0"
"110012","0","0","0"
"110018","0","0","0"
"110019","0","0","0"
"120003","0","0","0"
"120006","0","0","0"
"120008","0","0","0"
"120018","0","0","0"
"120019","0","0","0"
"120020","0","0","0"
"130004","0","0","0"
"130006","0","0","0"
"130007","0","0","0"
"130009","0","0","0"
"130022","0","0","0"
"140003","0","0","0"
"140008","0","0","0"
"140009","0","0","0"
"140011","0","0","0"
"140017","0","0","0"
"140020","0","0","0"
"150000","0","0","0"
"150003","0","0","0"
"150006","0","0","0"
"150012","0","0","0"
"150014","0","0","0"
"160001","0","0","0"
"160004","0","0","0"
"160005","0","0","0"
"160006","0","0","0"
"170002","0","0","0"
"170011","0","0","0"
"170012","0","0","0"
"170017","0","0","0"
"170019","0","0","0"
"170022","0","0","0"
"180001","0","0","0"
"180012","0","0","0"
"180013","0","0","0"
"180015","0","0","0"
"180018","0","0","0"
"190005","0","0","0"
"190006","0","0","0"
"190012","0","0","0"
"190014","0","0","0"
"190015","0","0","0"
"190020","0","0","0"
"200000","0","0","0"
"200005","0","0","0"
"200010","0","0","0"
"200011","0","0","0"
"200020","0","0","0"
"200021","0","0","0"
"210005","0","0","0"
"210008","0","0","0"
"210011","0","0","0"
"210014","0","0","0"
"210020","0","0","0"
"220006","0","0","0"
"220008","0","0","0"
"220014","0","0","0"
"220015","0","0","0"
"220021","0","0","0"
"230001","0","0","0"
"230002","0","0","0"
"230006","0","0","0"
"230011","0","0","0"
"230016","0","0","0"
"240000","0","0","0"
"240006","0","0","0"
"240007","0","0","0"
"240009","0","0","0"
"240014","0","0","0"
"240015","0","0","0"
"250006","0","0","0"
"250011","0","0","0"
"250014","0","0","0"
"250016","0","0","0"
"250018","0","0","0"
"250023","0","0","0"
"260000","0","0","0"
"260007","0","0","0"
"260008","0","0","0"
"260011","0","0","0"
"260025","0","0","0"
"260027","0","0","0"
"270011","0","0","0"
"270012","0","0","0"
"270014","0","0","0"
"270018","0","0","0"
"270022","0","0","0"
"280013","0","0","0"
"280015","0","0","0"
"280018","0","0","0"
"280021","0","0","0"
"280025","0","0","0"
"290002","0","0","0"
"290007","0","0","0"
"290014","0","0","0"
"290018","0","0","0"
"290022","0","0","0"
"300005","0","0","0"
"300006","0","0","0"
"300019","0","0","0"
"300020","0","0","0"
"300021","0","0","0"
"310002","0","0","0"
"310003","0","0","0"
"310014","0","0","0"
"310016","0","0","0"
"320001","0","0","0"
"320006","0","0","0"
"320011","0","0","0"
"320013","0","0","0"
"320016","0","0","0"
"320018","0","0","0"
"330002","0","0","0"
"330004","0","0","0"
"330011","0","0","0"
"330018","0","0","0"
"330021","0","0","0"
"340001","0","0","0"
"340005","0","0","0"
"340007","0","0","0"
"340008","0","0","0"
"340014","0","0","0"
"350002","0","0","0"
"350005","0","0","0"
"350009","0","0","0"
"350012","0","0","0"
"350022","0","0","0"
"360003","0","0","0"
"360009","0","0","0"
"360012","0","0","0"
"360015","0","0","0"
"360019","0","0","0"
"360021","0","0","0"
"370002","0","0","0"
"370004","0","0","0"
"370005","0","0","0"
"370015","0","0","0"
"370019","0","0","0"
"380004","0","0","0"
"380006","0","0","0"
"380007","0","0","0"
"380019","0","0","0"
"380026","0","0","0"
"390001","0","0","0"
"390003","0","0","0"
"390004","0","0","0"
"390009","0","0","0"
"400001","0","0","0"
"400008","0","0","0"
"400009","0","0","0"
"400022","0","0","0"
"400023","0","0","0"
"410002","0","0","0"
"410010","0","0","0"
"410011","0","0","0"
"410014","0","0","0"
"410019","0","0","0"
"410022","0","0","0"
"420000","0","0","0"
"420002","0","0","0"
"420013","0","0","0"
"420016","0","0","0"
"420018","0","0","0"
"420020","0","0","0"
"430005","0","0","0"
"430014","0","0","0"
"430018","0","0","0"
"430020","0","0","0"
"440000","0","0","0"
"440002","0","0","0"
"440009","0","0","0"
"440018","0","0","0"
"440019","0","0","0"
"450004","0","0","0"
"450005","0","0","0"
"450008","0","0","0"
"450014","0","0","0"
"450021","0","0","0"
"460001","0","0","0"
"460013","0","0","0"
"460020","0","0","0"
"460021","0","0","0"
"460025","0","0","0"
"470001","0","0","0"
"470006","0","0","0"
"470019","0","0","0"
"470022","0","0","0"
"470023","0","0","0"
"480001","0","0","0"
"480003","0","0","0"
"480007","0","0","0"
"480012","0","0","0"
"480013","0","0","0"
"490000","0","0","0"
"490004","0","0","0"
"490011","0","0","0"
"490019","0","0","0"
"490021","0","0","0"
"500003","0","0","0"
"500013","0","0","0"
"500017","0","0","0"
"500019","0","0","0"
"500021","0","0","0"
"500023","0","0","0"
"510001","0","0","0"
"510004","0","0","0"
"510005","0","0","0"
"510007","0","0","0"
"510015","0","0","0"
"510022","0","0","0"
"520007","0","0","0"
"520010","0","0","0"
"520017","0","0","0"
"520021","0","0","0"
"520022","0","0","0"
"530002","0","0","0"
"530007","0","0","0"
"530012","0","0","0"
"530013","0","0","0"
"530016","0","0","0"
"530024","0","0","0"
"540000","0","0","0"
"540008","0","0","0"
"540011","0","0","0"
"540012","0","0","0"
"540020","0","0","0"
"540025","0","0","0"
"550007","0","0","0"
"550009","0","0","0"
"550015","0","0","0"
"550016","0","0","0"
"550017","0","0","0"
"560004","0","0","0"
"560018","0","0","0"
"560019","0","0","0"
"560020","0","0","0"
"560021","0","0","0"
"570000","0","0","0"
"570012","0","0","0"
"570014","0","0","0"
"570015","0","0","0"
"570018","0","0","0"
"570020","0","0","0"
"580000","0","0","0"
"580004","0","0","0"
"580005","0","0","0"
"580011","0","0","0"
"580019","0","0","0"
"590000","0","0","0"
"590001","0","0","0"
"590005","0","0","0"
"590015","0","0","0"
"590017","0","0","0"
"590020","0","0","0"
"600003","0","0","0"
"600006","0","0","0"
"600007","0","0","0"
"600012","0","0","0"
"600013","0","0","0"
"600024","0","0","0"
"610004","0","0","0"
"610006","0","0","0"
"610014","0","0","0"
"610019","0","0","0"
"610020","0","0","0"
"610022","0","0","0"
"620011","0","0","0"
"620013","0","0","0"
"620014","0","0","0"
"620018","0","0","0"
"620021","0","0","0"
"620023","0","0","0"
"630001","0","0","0"
"630003","0","0","0"
"630010","0","0","0"
"630013","0","0","0"
"630018","0","0","0"
"630020","0","0","0"
"640000","0","0","0"
"640004","0","0","0"
"640007","0","0","0"
"640008","0","0","0"
"640018","0","0","0"
"640020","0","0","0"
"650009","0","0","0"
"650017","0","0","0"
"650021","0","0","0"
"650023","0","0","0"
"650024","0","0","0"
"660001","0","0","0"
"660005","0","0","0"
"660006","0","0","0"
"660011","0","0","0"
"660019","0","0","0"
"660022","0","0","0"
"670000","0","0","0"
"670003","0","0","0"
"670009","0","0","0"
"670013","0","0","0"
"670019","0","0","0"
"670025","0","0","0"
"680010","0","0","0"
"680012","0","0","0"
"680020","0","0","0"
"680021","0","0","0"
"680022","0","0","0"
"690006","0","0","0"
"690008","0","0","0"
"690020","0","0","0"
"690024","0","0","0"
"700002","0","0","0"
"700006","0","0","0"
"700008","0","0","0"
"700011","0","0","0"
"700017","0","0","0"
"710007","0","0","0"
"710008","0","0","0"
"710009","0","0","0"
"710015","0","0","0"
"710018","0","0","0"
"710020","0","0","0"
"720008","0","0","0"
"720009","0","0","0"
"720015","0","0","0"
"720018","0","0","0"
"720020","0","0","0"
"730001","0","0","0"
"730018","0","0","0"
"730025","0","0","0"
"730026","0","0","0"
"740000","0","0","0"
"740009","0","0","0"
"740011","0","0","0"
"740014","0","0","0"
"740027","0","0","0"
"750005","0","0","0"
"750006","0","0","0"
"750008","0","0","0"
"750009","0","0","0"
"750016","0","0","0"
"750019","0","0","0"
"760005","0","0","0"
"760006","0","0","0"
"760014","0","0","0"
"760016","0","0","0"
"760020","0","0","0"
"760022","0","0","0"
"770002","0","0","0"
"770004","0","0","0"
"770005","0","0","0"
"770006","0","0","0"
"770012","0","0","0"
"770013","0","0","0"
"780002","0","0","0"
"780003","0","0","0"
"780008","0","0","0"
"780009","0","0","0"
"780014","0","0","0"
"780017","0","0","0"
"790009","0","0","0"
"790011","0","0","0"
"790015","0","0","0"
"790022","0","0","0"
"790024","0","0","0"
"800002","0","0","0"
"800003","0","0","0"
"800012","0","0","0"
"800015","0","0","0"
"800020","0","0","0"
"800023","0","0","0"
"810001","0","0","0"
"810005","0","0","0"
"810006","0","0","0"
"810007","0","0","0"
"810013","0","0","0"
"820000","0","0","0"
"820015","0","0","0"
"820017","0","0","0"
"820018","0","0","0"
"820022","0","0","0"
"830002","0","0","0"
"830005","0","0","0"
"830006","0","0","0"
"830014","0","0","0"
"830017","0","0","0"
"840005","0","0","0"
"840009","0","0","0"
"840010","0","0","0"
"840012","0","0","0"
"840027","0","0","0"
"850002","0","0","0"
"850003","0","0","0"
"850007","0","0","0"
"850015","0","0","0"
"850019","0","0","0"
"850021","0","0","0"
"860003","0","0","0"
"860007","0","0","0"
"860018","0","0","0"
"860019","0","0","0"
"860020","0","0","0"
"860021","0","0","0"
"870002","0","0","0"
"870003","0","0","0"
"870014","0","0","0"
"870018","0","0","0"
"870025","0","0","0"
"880004","0","0","0"
"880006","0","0","0"
"880011","0","0","0"
"880020","0","0","0"
"880024","0","0","0"
"880025","0","0","0"
"890000","0","0","0"
"890001","0","0","0"
"890014","0","0","0"
"890017","0","0","0"
"890023","0","0","0"
"890024","0","0","0"
"900000","0","0","0"
"900014","0","0","0"
"900016","0","0","0"
"900022","0","0","0"
"900028","0","0","0"
"910002","0","0","0"
"910003","0","0","0"
"910004","0","0","0"
"910007","0","0","0"
"910023","0","0","0"
"920005","0","0","0"
"920012","0","0","0"
"920016","0","0","0"
"920017","0","0","0"
"920020","0","0","0"
"920021","0","0","0"
"930003","0","0","0"
"930004","0","0","0"
"930008","0","0","0"
"930012","0","0","0"
"930015","0","0","0"
"940001","0","0","0"
"940009","0","0","0"
"940017","0","0","0"
"940018","0","0","0"
"940019","0","0","0"
"940020","0","0","0"
"950000","0","0","0"
"950004","0","0","0"
"950011","0","0","0"
"950014","0","0","0"
"950017","0","0","0"
"960011","0","0","0"
"960013","0","0","0"
"960014","0","0","0"
"960019","0","0","0"
"960020","0","0","0"
"960025","0","0","0"
"970001","0","0","0"
"970004","0","0","0"
"970005","0","0","0"
"970006","0","0","0"
"970011","0","0","0"
"970013","0","0","0"
"980006","0","0","0"
"980007","0","0","0"
"980010","0","0","0"
"980011","0","0","0"
"980018","0","0","0"
"980022","0","0","0"
"990000","0","0","0"
"990004","0","0","0"
"990005","0","0","0"
"990006","0","0","0"
"990008","0","0","0"
"990012","0","0","0"
"1000000","0","0","0"
"1000001","0","0","0"
"1000006","0","0","0"
"1000007","0","0","0"
"1000017","0","0","0"
"1010005","0","0","0"
"1010006","0","0","0"
"1010008","0","0","0"
"1010019","0","0","0"
"1020002","0","0","0"
"1020003","0","0","0"
"1020012","0","0","0"
"1020013","0","0","0"
"1020022","0","0","0"
"1030007","0","0","0"
"1030009","0","0","0"
"1030018","0","0","0"
"1030024","0","0","0"
"1030027","0","0","0"
"1040003","0","0","0"
"1040014","0","0","0"
"1040015","0","0","0"
"1040017","0","0","0"
"1040021","0","0","0"
"1050001","0","0","0"
"1050003","0","0","0"
"1050004","0","0","0"
"1050009","0","0","0"
"1050012","0","0","0"
"1060000","0","0","0"
"1060015","0","0","0"
"1060017","0","0","0"
"1060018","0","0","0"
"1070012","0","0","0"
"1070014","0","0","0"
"1070017","0","0","0"
"1070018","0","0","0"
"1070026","0","0","0"
"1080001","0","0","0"
"1080006","0","0","0"
"1080007","0","0","0"
"1080009","0","0","0"
"1080012","0","0","0"
"1080015","0","0","0"
"1090001","0","0","0"
"1090005","0","0","0"
"1090014","0.03125","0.03125","0.03125"
"1090016","0","0","0"
"1090017","0","0","0"
"1100005","0","0","0"
"1100007","0","0","0"
"1100012","0","0","0"
"1100022","0","0","0"
"1100025","0","0","0"
"1110000","0","0","0"
"1110001","0","0","0"
"1110002","0","0","0"
"1110017","0","0","0"
"1110018","0","0","0"
"1110020","0","0","0"
"1120005","0","0","0"
"1120014","0","0","0"
"1120016","0","0","0"
"1120020","0","0","0"
"1120021","0","0","0"
"1120025","0","0","0"
"1130001","0","0","0"
"1130009","0","0","0"
"1130010","0","0","0"
"1130017","0","0","0"
"1130019","0","0","0"
"1140000","0","0","0"
"1140010","0","0","0"
"1140016","0","0","0"
"1140019","0","0","0"
"1150000","0","0","0"
"1150001","0","0","0"
"1150003","0","0","0"
"1150005","0","0","0"
"1150018","0","0","0"
"1160002","0","0","0"
"1160004","0","0","0"
"1160005","0","0","0"
"1160008","0","0","0"
"1160023","0","0","0"
"1160028","0","0","0"
"1170003","0","0","0"
"1170005","0","0","0"
"1170007","0","0","0"
"1170008","0","0","0"
"1170018","0","0","0"
"1170019","0","0","0"
"1180001","0","0","0"
"1180004","0","0","0"
"1180005","0","0","0"
"1180008","0","0","0"
"1180019","0","0","0"
"1180021","0","0","0"
"1190003","0","0","0"
"1190006","0","0","0"
"1190017","0","0","0"
"1190021","0","0","0"
"1190026","0","0","0"
"1200007","0","0","0"
"1200008","0","0","0"
"1200021","0","0","0"
"1200024","0","0","0"
"1200027","0","0","0"
"1210000","0","0","0"
"1210003","0","0","0"
"1210004","0","0","0"
"1210010","0","0","0"
"1210016","0","0","0"
"1220008","0","0","0"
"1220013","0","0","0"
"1220014","0","0","0"
"1220018","0","0","0"
"1220020","0","0","0"
"1230008","0","0","0"
"1230009","0","0","0"
"1230011","0","0","0"
"1230013","0","0","0"
"1230016","0","0","0"
"1230017","0","0","0"
"1240000","0","0","0"
"1240006","0","0","0"
"1240007","0","0","0"
"1240014","0","0","0"
"1240020","0","0","0"
"1240031","0","0","0"
"1250002","0","0","0"
"1250005","0","0","0"
"1250006","0","0","0"
"1250010","0","0","0"
"1250023","0","0","0"
"1260006","0","0","0"
"1260007","0","0","0"
"1260010","0","0","0"
"1260016","0","0","0"
"1260021","0","0","0"
"1270002","0","0","0"
"1270018","0","0","0"
"1270026","0","0","0"
"1270027","0","0","0"
"1270030","0","0","0"
"1280004","0","0","0"
"1280014","0","0","0"
"1280015","0","0","0"
"1280019","0","0","0"
"1280022","0","0","0"
"1290000","0","0","0"
"1290007","0","0","0"
"1290008","0","0","0"
"1290011","0","0","0"
"1290022","0","0","0"
"1300000","0","0","0"
"1300001","0","0","0"
"1300016","0","0","0"
"1300017","0","0","0"
"1300021","0","0","0"
"1310005","0","0","0"
"1310007","0","0","0"
"1310017","0","0","0"
"1310018","0","0","0"
"1310022","0","0","0"
"1320000","0","0","0"
"1320009","0","0","0"
"1320012","0","0","0"
"1320014","0","0","0"
"1320021","0","0","0"
"1330005","0","0","0"
"1330006","0","0","0"
"1330010","0","0","0"
"1330016","0","0","0"
"1330020","0","0","0"
"1330023","0","0","0"
"1340000","0","0","0"
"1340003","0","0","0"
"1340013","0","0","0"
"1340017","0","0","0"
"1340023","0","0","0"
"1350011","0","0","0"
"1350015","0","0","0"
"1350018","0","0","0"
"1350022","0","0","0"
"1350026","0","0","0"
"1360007","0","0","0"
"1360011","0","0","0"
"1360014","0","0","0"
"1360017","0","0","0"
"1360018","0","0","0"
"1360025","0","0","0"
"1370000","0","0","0"
"1370003","0","0","0"
"1370005","0","0","0"
"1370011","0","0","0"
"1370012","0","0","0"
"1370021","0","0","0"
"1380005","0","0","0"
"1380007","0","0","0"
"1380010","0","0","0"
"1380019","0","0","0"
"1380022","0","0","0"
"1390015","0","0","0"
"1390016","0","0","0"
"1390018","0","0","0"
"1390021","0","0","0"
"1390024","0","0","0"
"1390029","0","0","0"
"1400001","0","0","0"
"1400005","0","0","0"
"1400009","0","0","0"
"1400012","0","0","0"
"1400019","0","0","0"
"1400022","0","0","0"
"1410000","0","0","0"
"1410004","0","0","0"
"1410009","0","0","0"
"1410022","0","0","0"
"1410024","0","0","0"
"1420000","0","0","0"
"1420003","0","0","0"
"1420004","0","0","0"
"1420011","0","0","0"
"1420019","0","0","0"
"1420022","0","0","0"
"1430000","0","0","0"
"1430005","0","0","0"
"1430007","0","0","0"
"1430018","0","0","0"
"1430022","0","0","0"
"1440001","0","0","0"
"1440008","0","0","0"
"1440010","0","0","0"
"1440016","0","0","0"
"1440021","0","0","0"
"1440022","0","0","0"
"1450011","0","0","0"
"1450013","0","0","0"
"1450014","0","0","0"
"1450021","0","0","0"
"1460007","0","0","0"
"1460008","0","0","0"
"1460009","0","0","0"
"1460011","0","0","0"
"1460015","0","0","0"
"1460018","0","0","0"
"1470003","0","0","0"
"1470005","0","0","0"
"1470006","0","0","0"
"1470008","0","0","0"
"1470012","0","0","0"
"1480000","0","0","0"
"1480001","0","0","0"
"1480010","0","0","0"
"1480013","0","0","0"
"1480019","0","0","0"
"1490007","0","0","0"
"1490012","0","0","0"
"1490013","0","0","0"
"1490014","0","0","0"
"1490020","0","0","0"
"1490021","0","0","0"
"1500003","0","0","0"
"1500007","0","0","0"
"1500010","0","0","0"
"1500018","0","0","0"
"1500019","0","0","0"
"1500026","0","0","0"
"1510005","0","0","0"
"1510009","0","0","0"
"1510018","0","0","0"
"1510020","0","0","0"
"1510024","0","0","0"
"1510028","0","0","0"
"1520001","0","0","0"
"1520007","0","0","0"
"1520012","0","0","0"
"1520015","0","0","0"
"1520018","0","0","0"
"1520022","0","0","0"
"1530004","0","0","0"
"1530009","0","0","0"
"1530016","0","0","0"
"1530020","0","0","0"
"1540001","0","0","0"
"1540015","0","0","0"
"1540016","0","0","0"
"1540023","0","0","0"
"1550003","0","0","0"
"1550004","0","0","0"
"1550008","0","0","0"
"1550015","0","0","0"
"1550016","0","0","0"
"1560002","0","0","0"
"1560010","0","0","0"
"1560020","0","0","0"
"1560024","0","0","0"
"1560025","0","0","0"
"1570002","0","0","0"
"1570005","0","0","0"
"1570006","0","0","0"
"1570009","0","0","0"
"1570011","0","0","0"
"1570026","0","0","0"
"1580000","0","0","0"
"1580001","0","0","0"
"1580003","0","0","0"
"1580011","0","0","0"
"1580022","0","0","0"
"1580023","0","0","0"
"1590010","0","0","0"
"1590015","0","0","0"
"1590017","0","0","0"
"1600003","0","0","0"
"1600017","0","0","0"
"1600018","0","0","0"
"1600020","0","0","0"
"1600021","0","0","0"
"1600030","0","0","0"
"1610003","0","0","0"
"1610004","0","0","0"
"1610005","0","0","0"
"1610024","0","0","0"
"1610026","0","0","0"
"1620003","0","0","0"
"1620008","0","0","0"
"1620009","0","0","0"
"1620017","0","0","0"
"1620020","0","0","0"
"1630005","0","0","0"
"1630012","0","0","0"
"1630013","0","0","0"
"1630016","0","0","0"
"1630028","0","0","0"
"1640008","0","0","0"
"1640010","0","0","0"
"1640015","0","0","0"
"1640020","0","0","0"
"1640022","0","0","0"
"1650002","0","0","0"
"1650003","0.03125","0.03125","0.03125"
"1650007","0","0","0"
"1650015","0","0","0"
"1650016","0","0","0"
"1650021","0","0","0"
"1660000","0","0","0"
"1660001","0","0","0"
"1660003","0","0","0"
"1660010","0","0","0"
"1660011","0","0","0"
"1660018","0","0","0"
"1670000","0","0","0"
"1670010","0","0","0"
"1670012","0","0","0"
"1670013","0","0","0"
"1670019","0","0","0"
"1670021","0","0","0"
"1680008","0","0","0"
"1680023","0","0","0"
"1680025","0","0","0"
"1680029","0","0","0"
"1690000","0","0","0"
"1690002","0","0","0"
"1690003","0","0","0"
"1690014","0","0","0"
"1690022","0","0","0"
"1690027","0","0","0"
"1700000","0","0","0"
"1700009","0","0","0"
"1700010","0","0","0"
"1700012","0","0","0"
"1700021","0","0","0"
"1700023","0","0","0"
"1710005","0","0","0"
"1710008","0","0","0"
"1710011","0","0","0"
"1710015","0","0","0"
"1710016","0","0","0"
"1720003","0","0","0"
"1720009","0","0","0"
"1720016","0","0","0"
"1720017","0","0","0"
"1720019","0","0","0"
"1720023","0","0","0"
"1730000","0","0","0"
"1730007","0","0","0"
"1730009","0","0","0"
"1730013","0","0","0"
"1730022","0","0","0"
"1740000","0","0","0"
"1740005","0","0","0"
"1740011","0","0","0"
"1740014","0","0","0"
"1740020","0","0","0"
"1740024","0","0","0"
"1750007","0","0","0"
"1750008","0","0","0"
"1750020","0","0","0"
"1750025","0","0","0"
"1760003","0","0","0"
"1760010","0","0","0"
"1760012","0","0","0"
"1760017","0","0","0"
"1760022","0","0","0"
"1760025","0","0","0"
"1770004","0","0","0"
"1770008","0","0","0"
"1770013","0","0","0"
"1770017","0","0","0"
"1770020","0","0","0"
"1770021","0","0","0"
"1780000","0","0","0"
"1780004","0","0","0"
"1780008","0","0","0"
"1780015","0","0","0"
"1780018","0","0","0"
"1790001","0","0","0"
"1790004","0","0","0"
"1790006","0","0","0"
"1790007","0","0","0"
"1790022","0","0","0"
"1790026","0","0","0"
"1800002","0","0","0"
"1800010","0","0","0"
"1800011","0","0","0"
"1800016","0","0","0"
"1800019","0","0","0"
"1800024","0","0","0"
"1810001","0","0","0"
"1810005","0","0","0"
"1810012","0","0","0"
"1810018","0","0","0"
"1810025","0","0","0"
"1810027","0","0","0"
"1820003","0","0","0"
"1820012","0","0","0"
"1820014","0","0","0"
"1820016","0","0","0"
"1820021","0","0","0"
"1830004","0","0","0"
"1830007","0","0","0"
"1830010","0","0","0"
"1830013","0","0","0"
"1830023","0","0","0"
"1830026","0","0","0"
"1840003","0","0","0"
"1840006","0","0","0"
"1840010","0","0","0"
"1840019","0","0","0"
"1850002","0","0","0"
"1850003","0","0","0"
"1850014","0","0","0"
"1850017","0","0","0"
"1850020","0","0","0"
"1850024","0","0","0"
"1860009","0","0","0"
"1860010","0","0","0"
"1860016","0","0","0"
"1860019","0","0","0"
"1860030","0","0","0"
"1870001","0","0","0"
"1870005","0","0","0"
"1870008","0","0","0"
"1870020","0","0","0"
"1880001","0","0","0"
"1880007","0","0","0"
"1880014","0.03125","0.03125","0.03125"
"1880015","0","0","0"
"1880017","0","0","0"
"1890001","0","0","0"
"1890004","0","0","0"
"1890008","0","0","0"
"1890011","0","0","0"
"1890014","0","0","0"
"1900004","0","0","0"
"1900009","0","0","0"
"1900012","0","0","0"
"1900014","0","0","0"
"1900016","0","0","0"
"1910011","0","0","0"
"1910012","0","0","0"
"1910015","0","0","0"
"1910018","0","0","0"
"1910021","0","0","0"
"1920000","0","0","0"
"1920010","0","0","0"
"1920016","0","0","0"
"1920023","0","0","0"
"1920025","0","0","0"
"1930014","0","0","0"
"1930016","0","0","0"
"1930018","0","0","0"
"1930022","0","0","0"
"1930024","0","0","0"
"1940002","0","0","0"
"1940003","0","0","0"
"1940007","0","0","0"
"1940011","0","0","0"
"1940015","0","0","0"
"1940016","0","0","0"
"1950001","0","0","0"
"1950005","0","0","0"
"1950019","0","0","0"
"1950020","0","0","0"
"1950022","0","0","0"
"1960016","0","0","0"
"1960026","0","0","0"
"1960027","0","0","0"
"1960028","0","0","0"
"1970003","0","0","0"
"1970011","0","0","0"
"1970017","0","0","0"
"1970018","0","0","0"
"1970028","0","0","0"
"1980001","0","0","0"
"1980007","0","0","0"
"1980010","0","0","0"
"1980011","0","0","0"
"1980016","0","0","0"
"1980017","0","0","0"
"1990001","0","0","0"
"1990005","0","0","0"
"1990009","0","0","0"
"1990011","0","0","0"
"1990024","0","0","0"
"2000001","0","0","0"
"2000004","0","0","0"
"2000015","0","0","0"
"2000021","0","0","0"
"2000025","0","0","0"
"2010000","0","0","0"
"2010007","0","0","0"
"2010012","0","0","0"
"2010016","0","0","0"
"2010018","0","0","0"
"2010019","0","0","0"
"2020001","0","0","0"
"2020006","0","0","0"
"2020007","0","0","0"
"2020011","0","0","0"
"2020017","0","0","0"
"2020019","0","0","0"
"2030012","0","0","0"
"2030013","0","0","0"
"2030017","0","0","0"
"2030021","0","0","0"
"2030022","0","0","0"
"2030025","0","0","0"
"2040001","0","0","0"
"2040003","0","0","0"
"2040005","0","0","0"
"2040015","0","0","0"
"2040017","0","0","0"
"2040022","0","0","0"
"2050000","0","0","0"
"2050012","0","0","0"
"2050015","0","0","0"
"2050016","0","0","0"
"2050019","0","0","0"
"2050025","0","0","0"
"2060000","0","0","0"
"2060002","0","0","0"
"2060005","0","0","0"
"2060009","0","0","0"
"2060010","0","0","0"
"2060018","0","0","0"
"2070000","0","0","0"
"2070004","0","0","0"
"2070009","0","0","0"
"2070016","0","0","0"
"2070021","0","0","0"
"2070024","0","0","0"
"2080000","0","0","0"
"2080004","0","0","0"
"2080012","0","0","0"
"2080013","0","0","0"
"2080026","0","0","0"
"2090005","0","0","0"
"2090007","0","0","0"
"2090008","0","0","0"
"2090010","0","0","0"
"2090012","0","0","0"
"2090023","0","0","0"
"2100001","0","0","0"
"2100008","0","0","0"
"2100016","0","0","0"
"2100017","0","0","0"
"2100018","0","0","0"
"2110006","0","0","0"
"2110010","0","0","0"
"2110011","0","0","0"
"2110012","0","0","0"
"2110024","0","0","0"
"2110025","0","0","0"
"2120001","0","0","0"
"2120005","0","0","0"
"2120011","0","0","0"
"2120015","0","0","0"
"2120018","0","0","0"
"2120030","0","0","0"
"2130001","0","0","0"
"2130008","0","0","0"
"2130021","0","0","0"
"2130022","0","0","0"
"2130024","0","0","0"
"2130027","0","0","0"
"2140002","0","0","0"
"2140010","0","0","0"
"2140019","0","0","0"
"2140024","0","0","0"
"2140029","0","0","0"
"2150001","0","0","0"
"2150006","0","0","0"
"2150007","0","0","0"
"2150020","0","0","0"
"2150021","0","0","0"
"2160005","0","0","0"
"2160006","0","0","0"
"2160008","0","0","0"
"2160010","0","0","0"
"2160027","0","0","0"
"2170008","0","0","0"
"2170016","0","0","0"
"2170017","0","0","0"
"2170021","0","0","0"
"2170026","0","0","0"
"2180005","0","0","0"
"2180010","0","0","0"
"2180012","0","0","0"
"2180016","0","0","0"
"2190000","0","0","0"
"2190010","0","0","0"
"2190019","0","0","0"
"2190024","0","0","0"
"2190025","0","0","0"
"2200004","0","0","0"
"2200007","0","0","0"
"2200011","0","0","0"
"2200015","0","0","0"
"2200016","0","0","0"
"2200018","0","0","0"
"2210002","0","0","0"
"2210003","0","0","0"
"2210004","0","0","0"
"2210018","0","0","0"
"2210030","0","0","0"
"2220000","0","0","0"
"2220001","0","0","0"
"2220005","0","0","0"
"2220010","0","0","0"
"2220012","0","0","0"
"2220013","0.03125","0.03125","0.03125"
"2230001","0","0","0"
"2230015","0","0","0"
"2230016","0.03125","0.03125","0.03125"
"2230017","0","0","0"
"2230019","0","0","0"
"2230024","0","0","0"
"2240000","0","0","0"
"2240003","0","0","0"
"2240009","0","0","0"
"2240015","0","0","0"
"2240023","0","0","0"
"2240032","0","0","0"
"2250006","0","0","0"
"2250007","0","0","0"
"2250009","0","0","0"
"2250013","0","0","0"
"2250020","0","0","0"
"2260006","0","0","0"
"2260007","0","0","0"
"2260010","0","0","0"
"2260015","0","0","0"
"2260022","0","0","0"
"2270002","0","0","0"
"2270005","0","0","0"
"2270008","0","0","0"
"2270021","0","0","0"
"2270022","0","0","0"
"2270028","0","0","0"
"2280000","0","0","0"
"2280007","0","0","0"
"2280016","0","0","0"
"2280017","0","0","0"
"2280020","0","0","0"
"2290003","0","0","0"
"2290008","0","0","0"
"2290009","0","0","0"
"2290019","0","0","0"
"2300001","0","0","0"
"2300005","0","0","0"
"2300007","0","0","0"
"2300008","0","0","0"
"2300013","0","0","0"
"2300019","0","0","0"
"2310002","0","0","0"
"2310009","0","0","0"
"2310012","0","0","0"
"2310015","0","0","0"
"2310018","0","0","0"
"2310024","0","0","0"
"2320005","0","0","0"
"2320011","0","0","0"
"2320018","0","0","0"
"2320020","0","0","0"
"2330000","0","0","0"
"2330004","0","0","0"
"2330012","0","0","0"
"2330019","0","0","0"
"2330020","0","0","0"
"2330026","0","0","0"
"2340004","0","0","0"
"2340012","0","0","0"
"2340015","0","0","0"
"2340022","0","0","0"
"2340023","0","0","0"
"2340025","0","0","0"
"2350001","0","0","0"
"2350009","0","0","0"
"2350016","0","0","0"
"2350020","0","0","0"
"2350026","0","0","0"
"2350027","0","0","0"
"2360000","0","0","0"
"2360006","0","0","0"
"2360009","0","0","0"
"2360011","0","0","0"
"2360014","0","0","0"
"2360022","0","0","0"
"2370008","0","0","0"
"2370010","0","0","0"
"2370017","0","0","0"
"2370018","0","0","0"
"2370019","0","0","0"
"2370020","0","0","0"
"2380001","0","0","0"
"2380004","0","0","0"
"2380007","0","0","0"
"2380017","0","0","0"
"2380018","0","0","0"
"2380021","0","0","0"
"2390007","0","0","0"
"2390011","0","0","0"
"2390012","0","0","0"
"2390014","0","0","0"
"2390017","0","0","0"
"2390032","0","0","0"
"2400004","0","0","0"
"2400005","0","0","0"
"2400014","0","0","0"
"2400023","0","0","0"
"2400025","0","0","0"
"2410001","0","0","0"
"2410008","0","0","0"
"2410014","0","0","0"
"2410017","0","0","0"
"2410019","0","0","0"
"2410021","0","0","0"
"2420000","0","0","0"
"2420005","0","0","0"
"2420007","0","0","0"
"2420012","0","0","0"
"2420016","0","0","0"
"2420023","0","0","0"
"2430000","0","0","0"
"2430011","0","0","0"
"2430017","0","0","0"
"2430019","0","0","0"
"2430025","0","0","0"
"2440007","0","0","0"
"2440009","0","0","0"
"2440018","0","0","0"
"2440020","0","0","0"
"2450007","0","0","0"
"2450009","0","0","0"
"2450012","0","0","0"
"2450018","0","0","0"
"2450021","0","0","0"
"2450025","0","0","0"
"2460002","0","0","0"
"2460006","0","0","0"
"2460008","0","0","0"
"2460015","0","0","0"
"2460024","0","0","0"
"2460025","0","0","0"
"2470007","0","0","0"
"2470008","0","0","0"
"2470009","0","0","0"
"2470011","0","0","0"
"2470015","0","0","0"
"2470016","0","0","0"
"2480000","0","0","0"
"2480005","0","0","0"
"2480011","0","0","0"
"2480016","0","0","0"
"2480019","0","0","0"
"2480022","0","0","0"
"2490000","0","0","0"
"2490001","0","0","0"
"2490002","0","0","0"
"2490016","0","0","0"
"2490025","0","0","0"
"2500005","0","0","0"
"2500009","0","0","0"
"2500012","0","0","0"
"2500023","0","0","0"
"2500024","0","0","0"
"2500026","0","0","0"
"2510006","0","0","0"
"2510011","0","0","0"
"2510018","0","0","0"
"2510019","0","0","0"
"2510021","0","0","0"
"2520004","0","0","0"
"2520016","0","0","0"
"2520020","0","0","0"
"2520024","0","0","0"
"2530001","0","0","0"
"2530002","0","0","0"
"2530003","0","0","0"
"2530004","0","0","0"
"2530011","0","0","0"
"2530016","0","0","0"
"2540005","0","0","0"
"2540009","0","0","0"
"2540019","0","0","0"
"2540021","0","0","0"
"2540024","0","0","0"
"2540025","0","0","0"
"2550003","0","0","0"
"2550004","0","0","0"
"2550005","0","0","0"
"2550014","0","0","0"
"2550018","0","0","0"
"2550020","0","0","0"
"2560000","0","0","0"
"2560004","0","0","0"
"2560016","0","0","0"
"2560018","0","0","0"
"2560025","0","0","0"
"2570001","0","0","0"
"2570003","0","0","0"
"2570008","0","0","0"
"2570016","0","0","0"
"2570019","0","0","0"
"2570028","0","0","0"
"2580001","0","0","0"
"2580017","0","0","0"
"2580018","0","0","0"
"2580021","0","0","0"
"2580025","0","0","0"
"2590001","0","0","0"
"2590006","0","0","0"
"2590011","0","0","0"
"2590020","0","0","0"
"2590023","0","0","0"
"2600001","0","0","0"
"2600008","0","0","0"
"2600014","0","0","0"
"2600022","0","0","0"
"2600024","0","0","0"
"2600033","0","0","0"
"2610013","0","0","0"
"2610014","0","0","0"
"2610015","0","0","0"
"2610016","0","0","0"
"2610023","0","0","0"
"2610030","0","0","0"
"2620001","0","0","0"
"2620003","0","0","0"
"2620010","0","0","0"
"2620012","0","0","0"
"2620020","0","0","0"
"2620022","0","0","0"
"2630000","0","0","0"
"2630012","0","0","0"
"2630016","0","0","0"
"2630021","0","0","0"
"2630024","0","0","0"
"2630030","0","0","0"
"2640001","0","0","0"
"2640003","0","0","0"
"2640004","0","0","0"
"2640016","0","0","0"
"2640017","0","0","0"
"2650000","0","0","0"
"2650011","0","0","0"
"2650018","0","0","0"
"2650022","0","0","0"
"2650023","0","0","0"
"2650028","0","0","0"
"2660012","0","0","0"
"2660014","0","0","0"
"2660017","0","0","0"
"2660020","0","0","0"
"2660021","0","0","0"
"2660023","0","0","0"
"2670000","0","0","0"
"2670013","0","0","0"
"2670015","0","0","0"
"2670016","0","0","0"
"2670023","0","0","0"
"2670028","0","0","0"
"2680008","0","0","0"
"2680009","0","0","0"
"2680015","0","0","0"
"2680018","0","0","0"
"2680021","0","0","0"
"2680029","0","0","0"
"2690001","0","0","0"
"2690011","0","0","0"
"2690019","0","0","0"
"2690024","0","0","0"
"2700000","0","0","0"
"2700002","0","0","0"
"2700003","0","0","0"
"2700004","0","0","0"
"2700018","0","0","0"
"2710005","0","0","0"
"2710011","0","0","0"
"2710017","0","0","0"
"2710019","0","0","0"
"2710023","0","0","0"
"2710031","0","0","0"
"2720003","0","0","0"
"2720012","0","0","0"
"2720022","0","0","0"
"2720023","0","0","0"
"2730002","0","0","0"
"2730003","0","0","0"
"2730013","0","0","0"
"2730018","0","0","0"
"2730021","0","0","0"
"2730022","0","0","0"
"2740007","0","0","0"
"2740008","0","0","0"
"2740013","0","0","0"
"2740018","0","0","0"
"2740025","0","0","0"
"2750002","0","0","0"
"2750004","0","0","0"
"2750007","0","0","0"
"2750011","0","0","0"
"2750016","0","0","0"
"2760003","0","0","0"
"2760012","0","0","0"
"2760016","0","0","0"
"2760019","0","0","0"
"2760022","0","0","0"
"2760024","0","0","0"
"2770000","0","0","0"
"2770005","0","0","0"
"2770006","0","0","0"
"2770010","0","0","0"
"2770022","0","0","0"
"2770027","0","0","0"
"2780002","0","0","0"
"2780003","0","0","0"
"2780015","0","0","0"
"2780020","0","0","0"
"2780021","0","0","0"
"2790002","0","0","0"
"2790013","0","0","0"
"2790016","0","0","0"
"2790022","0","0","0"
"2800009","0","0","0"
"2800010","0","0","0"
"2800012","0","0","0"
"2800013","0","0","0"
"2800021","0","0","0"
"2800023","0","0","0"
"2810004","0","0","0"
"2810009","0","0","0"
"2810011","0","0","0"
"2810015","0","0","0"
"2810019","0","0","0"
"2810022","0","0","0"
"2820003","0","0","0"
"2820006","0","0","0"
"2820008","0","0","0"
"2820013","0","0","0"
"2820018","0","0","0"
"2820022","0","0","0"
"2830000","0","0","0"
"2830001","0","0","0"
"2830009","0","0","0"
"2830018","0","0","0"
"2830020","0","0","0"
"2830023","0","0","0"
"2840003","0","0","0"
"2840005","0","0","0"
"2840009","0","0","0"
"2840014","0","0","0"
"2840015","0","0","0"
"2840023","0","0","0"
"2850002","0","0","0"
"2850004","0","0","0"
"2850005","0","0","0"
"2850015","0","0","0"
"2850017","0","0","0"
"2850022","0","0","0"
"2860008","0","0","0"
"2860010","0","0","0"
"2860012","0","0","0"
"2860016","0","0","0"
"2860021","0","0","0"
"2870007","0","0","0"
"2870008","0","0","0"
"2870016","0","0","0"
"2870017","0","0","0"
"2870018","0","0","0"
"2870023","0","0","0"
"2880009","0","0","0"
"2880010","0","0","0"
"2880011","0","0","0"
"2880012","0","0","0"
"2880014","0","0","0"
"2880018","0","0","0"
"2890005","0","0","0"
"2890008","0","0","0"
"2890013","0","0","0"
"2890019","0","0","0"
"2890021","0","0","0"
"2890023","0","0","0"
"2900011","0","0","0"
"2900017","0","0","0"
"2900022","0","0","0"
"2900024","0","0","0"
"2900027","0","0","0"
"2910002","0","0","0"
"2910003","0","0","0"
"2910005","0","0","0"
"2910011","0","0","0"
"2910014","0","0","0"
"2910016","0","0","0"
"2920005","0","0","0"
"2920012","0","0","0"
"2920017","0","0","0"
"2920020","0","0","0"
"2920022","0","0","0"
"2930008","0","0","0"
"2930012","0","0","0"
"2930014","0","0","0"
"2930020","0","0","0"
"2930022","0","0","0"
"2930024","0","0","0"
"2940002","0","0","0"
"2940008","0","0","0"
"2940014","0","0","0"
"2940021","0","0","0"
"2940023","0","0","0"
"2940025","0","0","0"
"2950010","0","0","0"
"2950011","0","0","0"
"2950013","0","0","0"
"2950016","0","0","0"
"2950017","0","0","0"
"2950023","0","0","0"
"2960005","0","0","0"
"2960009","0","0","0"
"2960016","0","0","0"
"2960021","0","0","0"
"2960026","0","0","0"
"2960030","0","0","0"
"2970002","0","0","0"
"2970006","0","0","0"
"2970015","0","0","0"
"2970023","0","0","0"
"2970024","0","0","0"
"2980004","0","0","0"
"2980010","0","0","0"
"2980012","0","0","0"
"2980016","0","0","0"
"2980019","0","0","0"
"2980024","0","0","0"
"2990001","0","0","0"
"2990011","0","0","0"
"2990018","0","0","0"
"2990026","0","0","0"
"2990088","0","0","0"
"3000006","0","0","0"
"3000007","0","0","0"
"3000009","0","0","0"
"3000014","0","0","0"
"3000015","0","0","0"